time,rho,temperature,power,Tran,Shim1,Shim2,Reg
0.05,-749.7579775378337,20,2.434903331556711e-07,0,0,0,0
0.1,-749.7579775368902,20.0,2.1510991551029866e-07,0,0,0,0
0.15000000000000002,-749.7579775368752,20.0,2.1141486267780642e-07,0,0,0,0
0.2,-749.7579775368732,20.0,2.0824038115053678e-07,0,0,0,0
0.25,-749.7579775368715,20.0,2.0523332417681623e-07,0,0,0,0
0.3,-749.7579775368699,20.0,2.0237402441129256e-07,0,0,0,0
0.35,-749.7579775368685,20.0,1.9964913360118393e-07,0,0,0,0
0.39999999999999997,-749.757977536867,20.0,1.9704686077018734e-07,0,0,0,0
0.44999999999999996,-749.7579775368656,20.0,1.945567259141441e-07,0,0,0,0
0.49999999999999994,-749.7579775368642,20.0,1.9216939943093656e-07,0,0,0,0
0.5499999999999999,-749.757977536863,20.0,1.8987656265504004e-07,0,0,0,0
0.6,-749.7579775368619,20.0,1.8767078603233287e-07,0,0,0,0
0.65,-749.7579775368606,20.0,1.855454226550213e-07,0,0,0,0
0.7000000000000001,-749.7579775368596,20.0,1.8349451518233007e-07,0,0,0,0
0.7500000000000001,-749.7579775368584,20.0,1.8151271442855872e-07,0,0,0,0
0.8000000000000002,-749.7579775368574,20.0,1.7959520812263846e-07,0,0,0,0
0.8500000000000002,-749.7579775368564,20.0,1.7773765853693654e-07,0,0,0,0
0.9000000000000002,-747.8828669594851,20.0,1.7632059296669484e-07,12.0,0,0,0
0.9500000000000003,-745.8263978656832,20.0,1.7499324061776207e-07,24.0,0,0,0
1.0000000000000002,-743.5840168388219,20.0,1.7374824048169096e-07,36.0,0,0,0
1.0500000000000003,-741.151831439909,20.0,1.7258322717694776e-07,48.0,0,0,0
1.1000000000000003,-738.526624046481,20.0,1.7149609031680943e-07,60.0,0,0,0
1.1500000000000004,-735.7058632923013,20.0,1.7048488285521224e-07,72.0,0,0,0
1.2000000000000004,-732.6877130671941,20.0,1.6954779735400266e-07,84.0,0,0,0
1.2500000000000004,-732.6877130671935,20.0,1.680394357437726e-07,84.0,0,0,0
1.3000000000000005,-732.6877130671927,20.0,1.6655792429331932e-07,84.0,0,0,0
1.3500000000000005,-732.6877130671919,20.0,1.6511006088970737e-07,84.0,0,0,0
1.4000000000000006,-731.0420756611285,20.0,1.64014578766525e-07,84.0,12.0,0,0
1.4500000000000006,-729.2297559172781,20.0,1.629831909558987e-07,84.0,24.0,0,0
1.5000000000000007,-727.2458766894285,20.0,1.6201118669944798e-07,84.0,36.0,0,0
1.5500000000000007,-725.086133190618,20.0,1.6109791549878423e-07,84.0,48.0,0,0
1.6000000000000008,-722.7468073548284,20.0,1.6024281018657143e-07,84.0,60.0,0,0
1.6500000000000008,-720.2247802412504,20.0,1.5944532447298396e-07,84.0,72.0,0,0
1.7000000000000008,-720.22478024125,20.0,1.581875613214363e-07,84.0,72.0,0,0
1.7500000000000009,-720.2247802412494,20.0,1.5694671314210044e-07,84.0,72.0,0,0
1.800000000000001,-718.5867594999008,20.0,1.5603655404582129e-07,84.0,72.0,12.0,0
1.850000000000001,-716.8116861492599,20.0,1.551758518166982e-07,84.0,72.0,24.0,0
1.900000000000001,-714.8968499732573,20.0,1.5436015261334416e-07,84.0,72.0,36.0,0
1.950000000000001,-712.8399645850286,20.0,1.5358899155104894e-07,84.0,72.0,48.0,0
2.000000000000001,-710.6391743603568,20.0,1.5286195751496452e-07,84.0,72.0,60.0,0
2.0500000000000007,-708.2930600648324,20.0,1.5217863407851733e-07,84.0,72.0,72.0,0
2.1000000000000005,-705.8006431576651,20.0,1.5153859660244632e-07,84.0,72.0,84.0,0
2.1500000000000004,-705.8006431576647,20.0,1.504532304731044e-07,84.0,72.0,84.0,0
2.2,-705.8006431576642,20.0,1.4937861011047471e-07,84.0,72.0,84.0,0
2.25,-705.8006431576636,20.0,1.4832091679370487e-07,84.0,72.0,84.0,0
2.3,-703.6653012965718,20.0,1.4766615564013668e-07,84.0,72.0,84.0,12.0
2.3499999999999996,-701.4022184379672,20.0,1.4705373636894403e-07,84.0,72.0,84.0,24.0
2.3999999999999995,-699.0098720871433,20.0,1.4647821356759675e-07,84.0,72.0,84.0,36.0
2.4499999999999993,-696.486982860963,20.0,1.4593935979142296e-07,84.0,72.0,84.0,48.0
2.499999999999999,-693.8325168940514,20.0,1.4543703145432691e-07,84.0,72.0,84.0,60.0
2.549999999999999,-691.0456877832308,20.0,1.4497109273992446e-07,84.0,72.0,84.0,72.0
2.5999999999999988,-688.125958066546,20.0,1.4454141394576484e-07,84.0,72.0,84.0,84.0
2.6499999999999986,-685.073040234091,20.0,1.4414787095222232e-07,84.0,72.0,84.0,96.0
2.6999999999999984,-681.8868972687422,20.0,1.437903447222117e-07,84.0,72.0,84.0,108.0
2.7499999999999982,-678.5677427157788,20.0,1.4346872080402942e-07,84.0,72.0,84.0,120.0
2.799999999999998,-675.1160402812574,20.0,1.431828888264255e-07,84.0,72.0,84.0,132.0
2.849999999999998,-671.5325029599011,20.0,1.4293274197615599e-07,84.0,72.0,84.0,144.0
2.8999999999999977,-667.8180916941371,20.0,1.427181764490544e-07,84.0,72.0,84.0,156.0
2.9499999999999975,-663.9740135668113,20.0,1.425390908663413e-07,84.0,72.0,84.0,168.0
2.9999999999999973,-660.001719530973,20.0,1.4239538564847696e-07,84.0,72.0,84.0,180.0
3.049999999999997,-655.902901681004,20.0,1.4228696233937048e-07,84.0,72.0,84.0,192.0
3.099999999999997,-651.6794900702217,20.0,1.4221372287419634e-07,84.0,72.0,84.0,204.0
3.149999999999997,-647.3336490809419,20.0,1.4217556878445792e-07,84.0,72.0,84.0,216.0
3.1999999999999966,-642.8677733538302,20.0,1.4217240033427457e-07,84.0,72.0,84.0,228.0
3.2499999999999964,-638.2844832841944,20.0,1.422041155821806e-07,84.0,72.0,84.0,240.0
3.2999999999999963,-633.5866200936916,20.0,1.4227060936300542e-07,84.0,72.0,84.0,252.0
3.349999999999996,-628.7772404867171,20.0,1.4237177218467753e-07,84.0,72.0,84.0,264.0
3.399999999999996,-623.8596109015242,20.0,1.425074890350637e-07,84.0,72.0,84.0,276.0
3.4499999999999957,-618.8372013668907,20.0,1.4267763809422875e-07,84.0,72.0,84.0,288.0
3.4999999999999956,-613.7136789758808,20.0,1.4288208934779657e-07,84.0,72.0,84.0,300.0
3.5499999999999954,-613.713678975881,20.0,1.4208858566994197e-07,84.0,72.0,84.0,300.0
3.599999999999995,-613.7136789758806,20.0,1.412872274535915e-07,84.0,72.0,84.0,300.0
3.649999999999995,-613.7136789758802,20.0,1.404942919211523e-07,84.0,72.0,84.0,300.0
3.699999999999995,-613.7136789758797,20.0,1.397099501814512e-07,84.0,72.0,84.0,300.0
3.7499999999999947,-613.7136789758794,20.0,1.3893410376656577e-07,84.0,72.0,84.0,300.0
3.7999999999999945,-613.7136789758789,20.0,1.381666472947818e-07,84.0,72.0,84.0,300.0
3.8499999999999943,-605.7856631874702,20.0,1.3892889133299172e-07,84.0,84.0,84.0,312.0
3.899999999999994,-597.5773297810833,20.0,1.3980124920036493e-07,84.0,96.0,84.0,324.0
3.949999999999994,-589.0916269499996,20.0,1.407636162899939e-07,84.0,108.0,84.0,336.0
3.999999999999994,-580.3322987146545,20.0,1.4181923080955396e-07,84.0,120.0,84.0,348.0
4.049999999999994,-571.3038788109217,20.0,1.429719590224873e-07,84.0,132.0,84.0,360.0
4.099999999999993,-562.0116821753712,20.0,1.4422593568390635e-07,84.0,144.0,84.0,372.0
4.149999999999993,-552.4617940434639,20.0,1.4558557943484736e-07,84.0,156.0,84.0,384.0
4.199999999999993,-552.4617940434646,20.0,1.4488078979192023e-07,84.0,156.0,84.0,384.0
4.249999999999993,-552.4617940434642,20.0,1.4414517291357343e-07,84.0,156.0,84.0,384.0
4.299999999999993,-552.4617940434638,20.0,1.4341547334559864e-07,84.0,156.0,84.0,384.0
4.3499999999999925,-549.245120021285,20.0,1.4338835481667518e-07,96.0,156.0,84.0,384.0
4.399999999999992,-543.1902392942563,20.0,1.4400490463918453e-07,108.0,156.0,96.0,384.0
4.449999999999992,-536.789758004049,20.0,1.4473210750609588e-07,120.0,156.0,108.0,384.0
4.499999999999992,-530.045017289004,20.0,1.4556422047347985e-07,132.0,156.0,120.0,384.0
4.549999999999992,-522.9585056092241,20.0,1.4650530507013438e-07,144.0,156.0,132.0,384.0
4.599999999999992,-515.5338503177815,20.0,1.4755987205932051e-07,156.0,156.0,144.0,384.0
4.6499999999999915,-515.533850317782,20.0,1.4688881084056592e-07,156.0,156.0,144.0,384.0
4.699999999999991,-511.5123098256712,20.0,1.471358674435042e-07,156.0,168.0,144.0,384.0
4.749999999999991,-507.3079943526525,20.0,1.4745580272998167e-07,156.0,180.0,144.0,384.0
4.799999999999991,-502.9240069635193,20.0,1.47833178548447e-07,156.0,192.0,144.0,384.0
4.849999999999991,-498.3640501471305,20.0,1.4826838022079935e-07,156.0,204.0,144.0,384.0
4.899999999999991,-493.6324134641123,20.0,1.4876206095093893e-07,156.0,216.0,144.0,384.0
4.94999999999999,-485.3680602534225,20.0,1.501586538688766e-07,156.0,228.0,156.0,384.0
4.99999999999999,-476.8015748493215,20.0,1.517021491828448e-07,156.0,240.0,168.0,384.0
5.04999999999999,-473.1567495666338,20.0,1.520124779887753e-07,156.0,240.0,180.0,384.0
5.09999999999999,-468.76460364530146,20.0,1.525053094043866e-07,168.0,240.0,180.0,384.0
5.14999999999999,-464.1856662425836,20.0,1.5306729093540032e-07,180.0,240.0,180.0,384.0
5.1999999999999895,-459.4243521404692,20.0,1.5369714478719944e-07,192.0,240.0,180.0,384.0
5.249999999999989,-454.485724529674,20.0,1.5439585430043936e-07,204.0,240.0,180.0,384.0
5.299999999999989,-449.3754770083435,20.0,1.5516441169750583e-07,216.0,240.0,180.0,384.0
5.349999999999989,-444.09991333945203,20.0,1.5600376834497196e-07,228.0,240.0,180.0,384.0
5.399999999999989,-438.6659250388672,20.0,1.5691482938787117e-07,240.0,240.0,180.0,384.0
5.449999999999989,-433.08096687376,20.0,1.5789844816881212e-07,252.0,240.0,180.0,384.0
5.4999999999999885,-427.35303035847295,20.0,1.589554194529255e-07,264.0,240.0,180.0,384.0
5.549999999999988,-421.4906153420769,20.0,1.6008647138562812e-07,276.0,240.0,180.0,384.0
5.599999999999988,-421.49061534207755,20.0,1.5947590202947805e-07,276.0,240.0,180.0,384.0
5.649999999999988,-421.4906153420772,20.0,1.588296354980299e-07,276.0,240.0,180.0,384.0
5.699999999999988,-421.49061534207686,20.0,1.5818619114018272e-07,276.0,240.0,180.0,384.0
5.749999999999988,-421.4906153420765,20.0,1.5754656283802478e-07,276.0,240.0,180.0,384.0
5.799999999999987,-416.2753210661785,20.0,1.5846514115078607e-07,276.0,252.0,180.0,384.0
5.849999999999987,-410.91106133404804,20.0,1.5949251440505202e-07,276.0,264.0,180.0,384.0
5.899999999999987,-405.40480903341785,20.0,1.6059718963542365e-07,276.0,276.0,180.0,384.0
5.949999999999987,-399.76401076969717,20.0,1.6177950747389891e-07,276.0,288.0,180.0,384.0
5.999999999999987,-393.99656202249787,20.0,1.630404945095666e-07,276.0,300.0,180.0,384.0
6.0499999999999865,-393.99656202249855,20.0,1.62462368720503e-07,276.0,300.0,180.0,384.0
6.099999999999986,-390.21650373432027,20.0,1.6306610403726515e-07,276.0,300.0,192.0,384.0
6.149999999999986,-386.30458231898456,20.0,1.637583628707713e-07,276.0,300.0,204.0,384.0
6.199999999999986,-386.30458231898496,20.0,1.6317555129815466e-07,276.0,300.0,204.0,384.0
6.249999999999986,-386.3045823189846,20.0,1.6256501932422538e-07,276.0,300.0,204.0,384.0
6.299999999999986,-386.30458231898433,20.0,1.6195693941119023e-07,276.0,300.0,204.0,384.0
6.349999999999985,-386.304582318984,20.0,1.613521551784183e-07,276.0,300.0,204.0,384.0
6.399999999999985,-386.30458231898365,20.0,1.607507865199235e-07,276.0,300.0,204.0,384.0
6.449999999999985,-386.30458231898336,20.0,1.6015292051896062e-07,276.0,300.0,204.0,384.0
6.499999999999985,-386.304582318983,20.0,1.5955862994122392e-07,276.0,300.0,204.0,384.0
6.549999999999985,-386.30458231898274,20.0,1.5896797530627352e-07,276.0,300.0,204.0,384.0
6.5999999999999845,-386.3045823189824,20.0,1.583810063625666e-07,276.0,300.0,204.0,384.0
6.649999999999984,-386.3045823189821,20.0,1.5779776337268095e-07,276.0,300.0,204.0,384.0
6.699999999999984,-386.3045823189818,20.0,1.5721827824075818e-07,276.0,300.0,204.0,384.0
6.749999999999984,-386.3045823189815,20.0,1.5664257550231569e-07,276.0,300.0,204.0,384.0
6.799999999999984,-380.5253854518437,20.0,1.5790855729418722e-07,276.0,300.0,204.0,396.0
6.849999999999984,-374.68569804300114,20.0,1.5928023606000912e-07,276.0,300.0,204.0,408.0
6.8999999999999835,-368.7907242761773,20.0,1.607167542191711e-07,276.0,300.0,204.0,420.0
6.949999999999983,-362.84577231459645,20.0,1.6221804188536963e-07,276.0,300.0,204.0,432.0
6.999999999999983,-356.8562443176849,20.0,1.637850328251818e-07,276.0,300.0,204.0,444.0
7.049999999999983,-350.8276262809913,20.0,1.654186904245606e-07,276.0,300.0,204.0,456.0
7.099999999999983,-344.7654777184313,20.0,1.6711997709666523e-07,276.0,300.0,204.0,468.0
7.149999999999983,-338.67542120626456,20.0,1.6888984648989185e-07,276.0,300.0,204.0,480.0
7.199999999999982,-332.56313180846615,20.0,1.7072923578371358e-07,276.0,300.0,204.0,492.0
7.249999999999982,-326.4343264033828,20.0,1.7263905744584205e-07,276.0,300.0,204.0,504.0
7.299999999999982,-320.2947529317472,20.0,1.7462019037701978e-07,276.0,300.0,204.0,516.0
7.349999999999982,-314.1501795862712,20.0,1.7667347038704683e-07,276.0,300.0,204.0,528.0
7.399999999999982,-308.0063839631504,20.0,1.7879967994996679e-07,276.0,300.0,204.0,540.0
7.4499999999999815,-301.86914219588374,20.0,1.8099953719104093e-07,276.0,300.0,204.0,552.0
7.499999999999981,-295.74421809184344,20.0,1.8327368406376e-07,276.0,300.0,204.0,564.0
7.549999999999981,-289.6373522920274,20.0,1.856226736818938e-07,276.0,300.0,204.0,576.0
7.599999999999981,-283.55425147438183,20.0,1.880469567796786e-07,276.0,300.0,204.0,588.0
7.649999999999981,-277.50057762099954,20.0,1.9054686728291063e-07,276.0,300.0,204.0,600.0
7.699999999999981,-271.48193736937924,20.0,1.9312260698516976e-07,276.0,300.0,204.0,612.0
7.7499999999999805,-265.50387146777507,20.0,1.9577422933685415e-07,276.0,300.0,204.0,624.0
7.79999999999998,-253.68606313658745,20.0,2.0171202425071678e-07,276.0,312.0,204.0,636.0
7.84999999999998,-241.81005176942404,20.0,2.0822284179229027e-07,276.0,324.0,204.0,648.0
7.89999999999998,-229.89019702589835,20.0,2.152667676811535e-07,276.0,336.0,204.0,660.0
7.94999999999998,-213.90107256778174,20.0,2.2567281807513872e-07,276.0,348.0,216.0,672.0
7.99999999999998,-213.90107256778725,20.0,2.2563378248570023e-07,276.0,348.0,216.0,672.0
8.04999999999998,-207.91315701434158,20.0,2.2944007202988183e-07,288.0,348.0,216.0,672.0
8.09999999999998,-201.80916508330358,20.0,2.3364177589380915e-07,300.0,348.0,216.0,672.0
8.14999999999998,-195.5989336235561,20.0,2.3812620407672016e-07,312.0,348.0,216.0,672.0
8.199999999999982,-189.29267720020405,20.0,2.429040883582457e-07,324.0,348.0,216.0,672.0
8.249999999999982,-182.90095177845723,20.0,2.4799175849129267e-07,336.0,348.0,216.0,672.0
8.299999999999983,-176.43461719372726,20.0,2.5340680643171395e-07,348.0,348.0,216.0,672.0
8.349999999999984,-169.9047985413654,20.0,2.591679882313431e-07,360.0,348.0,216.0,672.0
8.399999999999984,-163.32284662331608,20.0,2.6529528742820843e-07,372.0,348.0,216.0,672.0
8.449999999999985,-163.32284662331932,20.0,2.652297809216941e-07,372.0,348.0,216.0,672.0
8.499999999999986,-163.3228466233193,20.0,2.6488106219710935e-07,372.0,348.0,216.0,672.0
8.549999999999986,-163.3228466233191,20.0,2.6450801229681016e-07,372.0,348.0,216.0,672.0
8.599999999999987,-163.3228466233189,20.0,2.6412315073991753e-07,372.0,348.0,216.0,672.0
8.649999999999988,-163.3228466233187,20.0,2.637281296143998e-07,372.0,348.0,216.0,672.0
8.699999999999989,-163.3228466233185,20.0,2.6332401015676784e-07,372.0,348.0,216.0,672.0
8.74999999999999,-163.32284662331827,20.0,2.62911724292578e-07,372.0,348.0,216.0,672.0
8.79999999999999,-163.32284662331807,20.0,2.6249210681305563e-07,372.0,348.0,216.0,672.0
8.84999999999999,-163.32284662331784,20.0,2.620659073533417e-07,372.0,348.0,216.0,672.0
8.899999999999991,-163.3228466233176,20.0,2.6163380018931855e-07,372.0,348.0,216.0,672.0
8.949999999999992,-163.3228466233174,20.000000000000007,5.832203163883077e-06,372.0,348.0,216.0,672.0
8.999999999999993,-163.3228466262583,20.000000000000014,6.109888511316151e-06,372.0,348.0,216.0,672.0
9.049999999999994,-163.32284662640492,20.00000000000002,6.155121980654106e-06,372.0,348.0,216.0,672.0
9.099999999999994,-163.3228466264288,20.00000000000003,6.188569480699723e-06,372.0,348.0,216.0,672.0
9.149999999999995,-163.32284662644645,20.000000000000036,6.220000510552217e-06,372.0,348.0,216.0,672.0
9.199999999999996,-163.32284662646305,20.000000000000043,6.249977825148275e-06,372.0,348.0,216.0,672.0
9.249999999999996,-163.32284662647888,20.00000000000005,6.278647541217084e-06,372.0,348.0,216.0,672.0
9.299999999999997,-163.322846626494,20.000000000000057,6.30612402983071e-06,372.0,348.0,216.0,672.0
9.349999999999998,-163.3228466265085,20.000000000000064,6.332508341302812e-06,372.0,348.0,216.0,672.0
9.399999999999999,-163.32284662652248,20.00000000000007,6.357890453929471e-06,372.0,348.0,216.0,672.0
9.45,-163.32284662653586,20.000000000000078,6.382350636006294e-06,372.0,348.0,216.0,672.0
9.5,-163.32284662654877,20.000000000000085,6.405960610553336e-06,372.0,348.0,216.0,672.0
9.55,-163.32284662656122,20.000000000000092,6.4287845730441355e-06,372.0,348.0,216.0,672.0
9.600000000000001,-156.7002975955624,20.0000000000001,6.610922826009642e-06,384.0,348.0,216.0,672.0
9.650000000000002,-150.04883194041332,20.000000000000107,6.810770404964297e-06,396.0,348.0,216.0,672.0
9.700000000000003,-143.38023295780582,20.000000000000114,7.022869700324515e-06,408.0,348.0,216.0,672.0
9.750000000000004,-136.70634485907811,20.00000000000012,7.247711964219801e-06,420.0,348.0,216.0,672.0
9.800000000000004,-130.03903066010668,20.000000000000128,7.48609783399134e-06,432.0,348.0,216.0,672.0
9.850000000000005,-123.3901300044077,20.000000000000135,7.738888718623884e-06,444.0,348.0,216.0,672.0
9.900000000000006,-116.77141706933759,20.000000000000142,8.006996844736289e-06,456.0,348.0,216.0,672.0
9.950000000000006,-116.77141706947913,20.00000000000015,8.051168051384137e-06,456.0,348.0,216.0,672.0
10.000000000000007,-116.77141706950245,20.000000000000156,8.082722782711057e-06,456.0,348.0,216.0,672.0
10.050000000000008,-116.7714170695191,20.000000000000163,8.11280230096627e-06,456.0,348.0,216.0,672.0
10.100000000000009,-110.50293851131612,20.00000000000017,8.373261273871347e-06,456.0,360.0,216.0,672.0
10.15000000000001,-104.16304023762979,20.000000000000178,8.665758569644025e-06,456.0,372.0,216.0,672.0
10.20000000000001,-93.59800010305256,20.00000000000019,9.165326056996914e-06,456.0,384.0,228.0,672.0
10.25000000000001,-82.86279890047435,20.0000000000002,9.744026822424119e-06,456.0,396.0,240.0,672.0
10.300000000000011,-78.46494272390743,20.00000000000021,1.0050608524373817e-05,456.0,396.0,252.0,672.0
10.350000000000012,-73.95782484267876,20.00000000000022,1.0361374687415381e-05,456.0,396.0,264.0,672.0
10.400000000000013,-69.3470199353508,20.00000000000023,1.0695341203026599e-05,456.0,396.0,276.0,672.0
10.450000000000014,-69.34701993552714,20.00000000000024,1.0766167298978393e-05,456.0,396.0,276.0,672.0
10.500000000000014,-69.3470199355645,20.000000000000252,1.081827331357017e-05,456.0,396.0,276.0,672.0
10.550000000000015,-69.34701993559204,20.000000000000263,1.086791686542683e-05,456.0,396.0,276.0,672.0
10.600000000000016,-69.34701993561822,20.000000000000274,1.091625892696933e-05,456.0,396.0,276.0,672.0
10.650000000000016,-69.34701993564376,20.000000000000284,1.0963453482488433e-05,456.0,396.0,276.0,672.0
10.700000000000017,-69.34701993566868,20.000000000000295,1.1009580195316356e-05,456.0,396.0,276.0,672.0
10.750000000000018,-69.34701993569301,20.000000000000306,1.1054706973907013e-05,456.0,396.0,276.0,672.0
10.800000000000018,-69.34701993571682,20.000000000000316,1.109889489438367e-05,456.0,396.0,276.0,672.0
10.85000000000002,-69.34701993574018,20.000000000000327,1.114219921528889e-05,456.0,396.0,276.0,672.0
10.90000000000002,-69.34701993576306,20.000000000000338,1.1184670049808523e-05,456.0,396.0,276.0,672.0
10.95000000000002,-69.34701993578545,20.000000000000348,1.1226352941793552e-05,456.0,396.0,276.0,672.0
11.000000000000021,-69.34701993580745,20.00000000000036,1.1267289371099613e-05,456.0,396.0,276.0,672.0
11.050000000000022,-69.34701993582908,20.00000000000037,1.1307517197989558e-05,456.0,396.0,276.0,672.0
11.100000000000023,-69.34701993585033,20.00000000000038,1.134707105427719e-05,456.0,396.0,276.0,672.0
11.150000000000023,-69.3470199358712,20.00000000000039,1.1385982687860482e-05,456.0,396.0,276.0,672.0
11.200000000000024,-69.34701993589174,20.0000000000004,1.1424281266445453e-05,456.0,396.0,276.0,672.0
11.250000000000025,-69.34701993591197,20.000000000000412,1.1461993645526258e-05,456.0,396.0,276.0,672.0
11.300000000000026,-69.34701993593188,20.000000000000423,1.1499144605045797e-05,456.0,396.0,276.0,672.0
11.350000000000026,-69.34701993595148,20.000000000000433,1.1535757058601371e-05,456.0,396.0,276.0,672.0
11.400000000000027,-69.3470199359708,20.000000000000444,1.1571852238572217e-05,456.0,396.0,276.0,672.0
11.450000000000028,-69.34701993598988,20.000000000000455,1.1607449860119358e-05,456.0,396.0,276.0,672.0
11.500000000000028,-69.34701993600865,20.000000000000465,1.1642568266637075e-05,456.0,396.0,276.0,672.0
11.55000000000003,-56.27815290823754,20.000000000000476,1.2593709999120761e-05,468.0,408.0,276.0,672.0
11.60000000000003,-32.82952245397226,20.00000000000049,1.4788262024632865e-05,480.0,420.0,288.0,684.0
11.65000000000003,-9.407253560114993,20.000000000000508,1.7992578226232543e-05,492.0,432.0,300.0,696.0
11.700000000000031,13.9553994302768,20.00000000000053,2.291951975774438e-05,504.0,444.0,312.0,708.0
11.750000000000032,37.22531195934084,20.00000000000056,3.134977686513399e-05,516.0,456.0,324.0,720.0
11.800000000000033,60.36959332392108,20.00000000000061,4.864879992642874e-05,528.0,468.0,336.0,732.0
11.850000000000033,83.35569004648772,20.00000000000071,0.00010030709151556456,540.0,480.0,348.0,744.0
11.900000000000034,106.15148820698653,20.000000000001556,0.0008473523096189544,552.0,492.0,360.0,756.0
11.950000000000035,128.72541409597835,20.000000000001556,1e-25,564.0,504.0,372.0,768.0
12.000000000000036,128.7254145433306,20.000000000001556,1e-25,564.0,504.0,372.0,768.0
12.050000000000036,128.7254145433306,20.000000000001556,1e-25,564.0,504.0,372.0,768.0
12.100000000000037,128.7254145433306,20.000000000001556,1e-25,564.0,504.0,372.0,768.0
12.150000000000038,128.7254145433306,20.000000000001556,1e-25,564.0,504.0,372.0,768.0
12.200000000000038,128.7254145433306,20.000000000001556,1e-25,564.0,504.0,372.0,768.0
12.250000000000039,128.7254145433306,20.000000000001556,1e-25,564.0,504.0,372.0,768.0
12.30000000000004,128.7254145433306,20.000000000001556,1e-25,564.0,504.0,372.0,768.0
12.35000000000004,128.7254145433306,20.000000000001556,1e-25,564.0,504.0,372.0,768.0
12.400000000000041,139.4328223204406,20.000000000001556,1e-25,576.0,504.0,372.0,780.0
12.450000000000042,161.50434037558847,20.000000000001556,1e-25,588.0,516.0,384.0,792.0
12.500000000000043,183.2815060301333,20.000000000001556,1e-25,600.0,528.0,396.0,804.0
12.550000000000043,183.2815060301333,20.000000000001556,1e-25,600.0,528.0,396.0,804.0
12.600000000000044,183.2815060301333,20.000000000001556,1e-25,600.0,528.0,396.0,804.0
12.650000000000045,183.2815060301333,20.000000000001556,1e-25,600.0,528.0,396.0,804.0
12.700000000000045,183.2815060301333,20.000000000001556,1e-25,600.0,528.0,396.0,804.0
12.750000000000046,204.73569993970546,20.000000000001556,1e-25,612.0,540.0,408.0,816.0
12.800000000000047,225.8392594872862,20.000000000001556,1e-25,624.0,552.0,420.0,828.0
12.850000000000048,225.8392594872862,20.000000000001556,1e-25,624.0,552.0,420.0,828.0
12.900000000000048,225.8392594872862,20.000000000001556,1e-25,624.0,552.0,420.0,828.0
12.950000000000049,225.8392594872862,20.000000000001556,1e-25,624.0,552.0,420.0,828.0
13.00000000000005,225.8392594872862,20.000000000001556,1e-25,624.0,552.0,420.0,828.0
13.05000000000005,225.8392594872862,20.000000000001556,1e-25,624.0,552.0,420.0,828.0
13.100000000000051,225.8392594872862,20.000000000001556,1e-25,624.0,552.0,420.0,828.0
13.150000000000052,246.56556577241875,20.000000000001556,1e-25,636.0,564.0,432.0,840.0
13.200000000000053,266.8891272882773,20.000000000001556,1e-25,648.0,576.0,444.0,852.0
13.250000000000053,266.8891272882773,20.000000000001556,1e-25,648.0,576.0,444.0,852.0
13.300000000000054,266.8891272882773,20.000000000001556,1e-25,648.0,576.0,444.0,852.0
13.350000000000055,266.8891272882773,20.000000000001556,1e-25,648.0,576.0,444.0,852.0
13.400000000000055,266.8891272882773,20.000000000001556,1e-25,648.0,576.0,444.0,852.0
13.450000000000056,266.8891272882773,20.000000000001556,1e-25,648.0,576.0,444.0,852.0
13.500000000000057,266.8891272882773,20.000000000001556,1e-25,648.0,576.0,444.0,852.0
13.550000000000058,266.8891272882773,20.000000000001556,1e-25,648.0,576.0,444.0,852.0
13.600000000000058,266.8891272882773,20.000000000001556,1e-25,648.0,576.0,444.0,852.0
13.650000000000059,266.8891272882773,20.000000000001556,1e-25,648.0,576.0,444.0,852.0
13.70000000000006,266.8891272882773,20.000000000001556,1e-25,648.0,576.0,444.0,852.0
13.75000000000006,266.8891272882773,20.000000000001556,1e-25,648.0,576.0,444.0,852.0
13.800000000000061,266.8891272882773,20.000000000001556,1e-25,648.0,576.0,444.0,852.0
13.850000000000062,266.8891272882773,20.000000000001556,1e-25,648.0,576.0,444.0,852.0
13.900000000000063,266.8891272882773,20.000000000001556,1e-25,648.0,576.0,444.0,852.0
13.950000000000063,266.8891272882773,20.000000000001556,1e-25,648.0,576.0,444.0,852.0
14.000000000000064,266.8891272882773,20.000000000001556,1e-25,648.0,576.0,444.0,852.0
14.050000000000065,266.8891272882773,20.000000000001556,1e-25,648.0,576.0,444.0,852.0
14.100000000000065,266.8891272882773,20.000000000001556,1e-25,648.0,576.0,444.0,852.0
14.150000000000066,266.8891272882773,20.000000000001556,1e-25,648.0,576.0,444.0,852.0
14.200000000000067,266.8891272882773,20.000000000001556,1e-25,648.0,576.0,444.0,852.0
14.250000000000068,266.8891272882773,20.000000000001556,1e-25,648.0,576.0,444.0,852.0
14.300000000000068,266.8891272882773,20.000000000001556,1e-25,648.0,576.0,444.0,852.0
14.350000000000069,266.8891272882773,20.000000000001556,1e-25,648.0,576.0,444.0,852.0
14.40000000000007,266.8891272882773,20.000000000001556,1e-25,648.0,576.0,444.0,852.0
14.45000000000007,266.8891272882773,20.000000000001556,1e-25,648.0,576.0,444.0,852.0
14.500000000000071,266.8891272882773,20.000000000001556,1e-25,648.0,576.0,444.0,852.0
14.550000000000072,266.8891272882773,20.000000000001556,1e-25,648.0,576.0,444.0,852.0
14.600000000000072,266.8891272882773,20.000000000001556,1e-25,648.0,576.0,444.0,852.0
14.650000000000073,266.8891272882773,20.000000000001556,1e-25,648.0,576.0,444.0,852.0
14.700000000000074,266.8891272882773,20.000000000001556,1e-25,648.0,576.0,444.0,852.0
14.750000000000075,246.56556577241875,20.000000000001556,1e-25,636.0,564.0,432.0,840.0
14.800000000000075,225.8392594872862,20.000000000001556,1e-25,624.0,552.0,420.0,828.0
14.850000000000076,204.73569993970546,20.000000000001556,1e-25,612.0,540.0,408.0,816.0
14.900000000000077,183.2815060301333,20.000000000001556,1e-25,600.0,528.0,396.0,804.0
14.950000000000077,161.50434037558847,20.000000000001556,1e-25,588.0,516.0,384.0,792.0
15.000000000000078,139.4328223204406,20.000000000001556,1e-25,576.0,504.0,372.0,780.0
15.050000000000079,117.09643791501264,20.000000000001556,1e-25,564.0,492.0,360.0,768.0
15.10000000000008,94.52544715200062,20.000000000001652,9.722034095531068e-05,552.0,480.0,348.0,756.0
15.15000000000008,71.75078870849492,20.000000000001727,7.418818356816497e-05,540.0,468.0,336.0,744.0
15.200000000000081,71.75078872065455,20.000000000001794,6.995875131032883e-05,540.0,468.0,336.0,744.0
15.250000000000082,71.75078872288745,20.000000000001865,7.12485073235775e-05,540.0,468.0,336.0,744.0
15.300000000000082,71.75078872220654,20.00000000000194,7.417896316811824e-05,540.0,468.0,336.0,744.0
15.350000000000083,71.75078872065941,20.000000000002018,7.762064363977957e-05,540.0,468.0,336.0,744.0
15.400000000000084,71.7507887188424,20.0000000000021,8.124740879840999e-05,540.0,468.0,336.0,744.0
15.450000000000085,71.7507887169277,20.000000000002185,8.49677221168039e-05,540.0,468.0,336.0,744.0
15.500000000000085,71.7507887149636,20.000000000002274,8.875842896473283e-05,540.0,468.0,336.0,744.0
15.550000000000086,71.75078871296232,20.000000000002366,9.261619487804278e-05,540.0,468.0,336.0,744.0
15.600000000000087,71.75078871092563,20.000000000002462,9.65433353780321e-05,540.0,468.0,336.0,744.0
15.650000000000087,71.75078870885235,20.00000000000256,0.00010054369642012845,540.0,468.0,336.0,744.0
15.700000000000088,71.75078870674038,20.000000000002665,0.00010462147037774839,540.0,468.0,336.0,744.0
15.750000000000089,71.75078870458756,20.00000000000277,0.0001087808679504882,540.0,468.0,336.0,744.0
15.80000000000009,71.75078870239166,20.00000000000288,0.00011302603834286184,540.0,468.0,336.0,744.0
15.85000000000009,71.75078870015044,20.000000000003,0.00011736106031663316,540.0,468.0,336.0,744.0
15.900000000000091,71.7507886978618,20.00000000000312,0.00012178995246633074,540.0,468.0,336.0,744.0
15.950000000000092,71.75078869552362,20.000000000003244,0.0001263166878017208,540.0,468.0,336.0,744.0
16.000000000000092,71.75078869313377,20.00000000000337,0.0001309452084376829,540.0,468.0,336.0,744.0
16.050000000000093,71.75078869069016,20.000000000003507,0.00013567943930564044,540.0,468.0,336.0,744.0
16.100000000000094,71.75078868819078,20.000000000003645,0.0001405233006941536,540.0,468.0,336.0,744.0
16.150000000000095,71.7507886856335,20.000000000003787,0.00014548071967270844,540.0,468.0,336.0,744.0
16.200000000000095,71.75078868301627,20.000000000003936,0.0001505556405117915,540.0,468.0,336.0,744.0
16.250000000000096,71.75078868033704,20.00000000000409,0.00015575203421816462,540.0,468.0,336.0,744.0
16.300000000000097,71.75078867759362,20.00000000000425,0.00016107390729590184,540.0,468.0,336.0,744.0
16.350000000000097,71.75078867478398,20.000000000004373,0.0001269260180706464,540.0,468.0,336.0,744.0
16.400000000000098,71.75078869281208,20.00000000000449,0.0001184586220547943,540.0,468.0,336.0,744.0
16.4500000000001,71.75078869728235,20.000000000004604,0.00011758829303695431,540.0,468.0,336.0,744.0
16.5000000000001,71.75078869774185,20.00000000000472,0.00011902611696481454,540.0,468.0,336.0,744.0
16.5500000000001,71.75078869698277,20.00000000000484,0.00012122382562313538,540.0,468.0,336.0,744.0
16.6000000000001,71.7507886958225,20.00000000000496,0.00012372707967550623,540.0,468.0,336.0,744.0
16.6500000000001,71.75078869450093,20.000000000005084,0.0001264017223248301,540.0,468.0,336.0,744.0
16.700000000000102,71.75078869308888,20.000000000005212,0.00012920755315719976,540.0,468.0,336.0,744.0
16.750000000000103,71.75078869160754,20.00000000000534,0.0001321321603974929,540.0,468.0,336.0,744.0
16.800000000000104,71.75078869006353,20.00000000000547,0.00013517154656661183,540.0,468.0,336.0,744.0
16.850000000000104,71.75078868845894,20.000000000005606,0.00013832443692034227,540.0,468.0,336.0,744.0
16.900000000000105,71.75078868679437,20.000000000005745,0.00014159059117208674,540.0,468.0,336.0,744.0
16.950000000000106,71.75078868507005,20.000000000005887,0.0001449702885389342,540.0,468.0,336.0,744.0
17.000000000000107,71.75078868328573,20.000000000006033,0.00014846415848434623,540.0,468.0,336.0,744.0
17.050000000000107,71.75078868144121,20.00000000000618,0.00015207311490439955,540.0,468.0,336.0,744.0
17.100000000000108,71.75078867953587,20.000000000006334,0.0001557983226614082,540.0,468.0,336.0,744.0
17.15000000000011,71.75078867756919,20.00000000000649,0.00015964117543557123,540.0,468.0,336.0,744.0
17.20000000000011,71.75078867554038,20.00000000000665,0.00016360327853054277,540.0,468.0,336.0,744.0
17.25000000000011,71.75078867344862,20.000000000006814,0.00016768643458184006,540.0,468.0,336.0,744.0
17.30000000000011,71.75078867129295,20.00000000000698,0.00017189263140068997,540.0,468.0,336.0,744.0
17.35000000000011,71.75078866907235,20.000000000007155,0.00017622403158134117,540.0,468.0,336.0,744.0
17.400000000000112,71.7507886667856,20.000000000007333,0.00018068296363321138,540.0,468.0,336.0,744.0
17.450000000000113,71.75078866443155,20.000000000007514,0.0001852719144538674,540.0,468.0,336.0,744.0
17.500000000000114,71.75078866200887,20.0000000000077,0.00018999352298857252,540.0,468.0,336.0,744.0
17.550000000000114,71.75078865951612,20.00000000000789,0.00019485057494297102,540.0,468.0,336.0,744.0
17.600000000000115,71.75078865695191,20.000000000008086,0.00019984599843225217,540.0,468.0,336.0,744.0
17.650000000000116,71.7507886543146,20.00000000000829,0.00020498286046445843,540.0,468.0,336.0,744.0
17.700000000000117,71.75078865160263,20.000000000008495,0.00021026436416808752,540.0,468.0,336.0,744.0
17.750000000000117,71.75078864881434,20.000000000008708,0.00021569384668509046,540.0,468.0,336.0,744.0
17.800000000000118,71.75078864594786,20.000000000008924,0.00022127477766001837,540.0,468.0,336.0,744.0
17.85000000000012,71.75078864300147,20.00000000000915,0.0002270107582645652,540.0,468.0,336.0,744.0
17.90000000000012,71.75078863997322,20.000000000009376,0.0002329055207042378,540.0,468.0,336.0,744.0
17.95000000000012,71.75078863686113,20.00000000000961,0.00023896292816049094,540.0,468.0,336.0,744.0
18.00000000000012,71.75078863366316,20.00000000000985,0.00024518697512748076,540.0,468.0,336.0,744.0
18.05000000000012,71.75078863037724,20.000000000010097,0.00025158178810772254,540.0,468.0,336.0,744.0
18.100000000000122,71.75078862700116,20.00000000001035,0.000258151626635466,540.0,468.0,336.0,744.0
18.150000000000123,71.75078862353266,20.00000000001061,0.0002649008846005993,540.0,468.0,336.0,744.0
18.200000000000124,71.75078861996944,20.000000000010914,0.0003114333835548184,540.0,468.0,336.0,744.0
18.250000000000124,71.75078859540301,20.00000000001124,0.00033260763677091704,540.0,468.0,336.0,744.0
18.300000000000125,71.75078858422425,20.000000000011582,0.0003465160374096822,540.0,468.0,336.0,744.0
18.350000000000126,71.75078857688145,20.000000000011934,0.00035845667318310393,540.0,468.0,336.0,744.0
18.400000000000126,71.75078857057748,20.000000000012296,0.00036998720150468344,540.0,468.0,336.0,744.0
18.450000000000127,71.75078856449002,20.000000000012673,0.00038157157504395536,540.0,468.0,336.0,744.0
18.500000000000128,71.75078855837417,20.00000000001306,0.0003933537965521674,540.0,468.0,336.0,744.0
18.55000000000013,71.75078855215385,20.000000000013458,0.0004053841534499624,540.0,468.0,336.0,744.0
18.60000000000013,71.75078854580254,20.00000000001387,0.0004176853939825752,540.0,468.0,336.0,744.0
18.65000000000013,71.75078853930822,20.000000000014293,0.0004302721099802317,540.0,468.0,336.0,744.0
18.70000000000013,71.75078853266314,20.00000000001473,0.0004431564368686183,540.0,468.0,336.0,744.0
18.75000000000013,71.75078852586098,20.000000000015177,0.00045634975044996084,540.0,468.0,336.0,744.0
18.800000000000132,71.7507885188957,20.00000000001564,0.0004698631904361627,540.0,468.0,336.0,744.0
18.850000000000133,71.75078851176139,20.000000000016115,0.0004837078383799742,540.0,468.0,336.0,744.0
18.900000000000134,71.75078850445223,20.000000000016605,0.0004978947922749993,540.0,468.0,336.0,744.0
18.950000000000134,71.75078849696237,20.00000000001711,0.0005124352089371532,540.0,468.0,336.0,744.0
19.000000000000135,71.75078848928587,20.00000000001763,0.000527340335212231,540.0,468.0,336.0,744.0
19.050000000000136,71.75078848141683,20.00000000001816,0.0005426215343880102,540.0,468.0,336.0,744.0
19.100000000000136,71.75078847334926,20.000000000018712,0.0005582903098754388,540.0,468.0,336.0,744.0
19.150000000000137,71.75078846507708,20.000000000019277,0.0005743583269390676,540.0,468.0,336.0,744.0
19.200000000000138,71.7507884565941,20.00000000001986,0.0005908374328608302,540.0,468.0,336.0,744.0
19.25000000000014,71.7507884478941,20.000000000020457,0.0006077396757874281,540.0,468.0,336.0,744.0
19.30000000000014,71.7507884389707,20.00000000002107,0.0006250773224565088,540.0,468.0,336.0,744.0
19.35000000000014,71.75078842981743,20.000000000021704,0.0006428628749667385,540.0,468.0,336.0,744.0
19.40000000000014,71.75078842042771,20.000000000022354,0.0006611090867357462,540.0,468.0,336.0,744.0
19.45000000000014,71.75078841079478,20.00000000002302,0.0006798289777729162,540.0,468.0,336.0,744.0
19.500000000000142,71.75078840091177,20.00000000002371,0.0006990358493795122,540.0,468.0,336.0,744.0
19.550000000000143,71.75078839077169,20.000000000024418,0.0007187432983760043,540.0,468.0,336.0,744.0
19.600000000000144,71.7507883803673,20.000000000025146,0.0007389652309454319,540.0,468.0,336.0,744.0
19.650000000000144,71.75078836969132,20.000000000025892,0.0007597158761719565,540.0,468.0,336.0,744.0
19.700000000000145,71.7507883587362,20.00000000002666,0.0007810097993452328,540.0,468.0,336.0,744.0
19.750000000000146,71.75078834749426,20.00000000002745,0.0008028619150937853,540.0,468.0,336.0,744.0
19.800000000000146,71.75078833595761,20.00000000002826,0.0008252875004040133,540.0,468.0,336.0,744.0
19.850000000000147,71.75078832411823,20.000000000029093,0.0008483022075757171,540.0,468.0,336.0,744.0
19.900000000000148,71.75078831196781,20.00000000002995,0.0008719220771599896,540.0,468.0,336.0,744.0
19.95000000000015,71.75078829949793,20.00000000003083,0.0008961635509209447,540.0,468.0,336.0,744.0
20.00000000000015,71.75078828669984,20.000000000031736,0.0009210434848588643,540.0,468.0,336.0,744.0
20.05000000000015,71.75078827356468,20.000000000032667,0.0009465791623290216,540.0,468.0,336.0,744.0
20.10000000000015,71.75078826008337,20.000000000033623,0.0009727883072874725,540.0,468.0,336.0,744.0
20.15000000000015,71.75078824624646,20.000000000034607,0.0009996890976925693,540.0,468.0,336.0,744.0
20.200000000000152,71.75078823204443,20.000000000035616,0.0010273001790887363,540.0,468.0,336.0,744.0
20.250000000000153,71.7507882174674,20.000000000036653,0.001055640678397103,540.0,468.0,336.0,744.0
20.300000000000153,84.23090705827738,20.00000000003824,0.0016052971949446387,552.0,480.0,336.0,744.0
20.350000000000154,96.54875010788545,20.000000000041876,0.003653316065953032,564.0,492.0,336.0,744.0
20.400000000000155,102.97187982192114,20.000000000052808,0.01095193079411001,564.0,504.0,336.0,744.0
20.450000000000156,102.97187596868132,20.000000000078103,0.025321801491884257,564.0,504.0,336.0,744.0
20.500000000000156,102.97186838223378,20.000000000132584,0.05452080550970027,564.0,504.0,336.0,744.0
20.550000000000157,102.97185296687523,20.000000000247088,0.11456932071827226,564.0,504.0,336.0,744.0
20.600000000000158,102.97182126478828,20.000000000485574,0.23861142252053275,564.0,504.0,336.0,744.0
20.65000000000016,102.97175577785238,20.000000000980595,0.49526198763979207,564.0,504.0,336.0,744.0
20.70000000000016,102.97162028146234,20.000000002006697,1.0265936442196117,564.0,504.0,336.0,744.0
20.75000000000016,102.97133976969776,20.000000004132463,2.1267696763359227,564.0,504.0,336.0,744.0
20.80000000000016,102.97075894197543,20.000000008535125,4.404727893410293,564.0,504.0,336.0,744.0
20.85000000000016,102.96955631640773,20.00000001765124,9.120380976668901,564.0,504.0,336.0,744.0
20.900000000000162,102.9670667395623,20.0000000365202,18.877784472057545,564.0,504.0,336.0,744.0
20.950000000000163,102.96191545070978,20.000000075549305,39.047367668463224,564.0,504.0,336.0,744.0
21.000000000000163,102.95126729670962,20.00000015616612,80.65458838363227,564.0,504.0,336.0,744.0
21.050000000000164,102.92930198569312,20.000000322210795,166.12275730021796,564.0,504.0,336.0,744.0
21.100000000000165,102.88418344427669,20.000000662224892,340.1752016407065,564.0,504.0,336.0,744.0
21.150000000000166,97.75705079040047,20.000001072573987,410.6802088473148,564.0,504.0,324.0,744.0
21.200000000000166,97.71983740252202,20.000001598806918,526.7692192737342,564.0,504.0,324.0,744.0
21.250000000000167,97.65856796078705,20.000002295043437,697.0359217796721,564.0,504.0,324.0,744.0
21.300000000000168,97.56871301863627,20.000003227890442,933.99452749816,564.0,504.0,324.0,744.0
21.35000000000017,97.44367933451821,20.000004479695274,1253.4187766484647,564.0,504.0,324.0,744.0
21.40000000000017,97.27516239004309,20.00000615049783,1673.042403423162,564.0,504.0,324.0,744.0
21.45000000000017,97.05383718826236,20.000008357661088,2210.2385091043243,564.0,504.0,324.0,744.0
21.50000000000017,96.77058835609397,20.00001123205253,2878.5702713503756,564.0,504.0,324.0,744.0
21.55000000000017,96.41833398865853,20.00001491016642,3683.729918072222,564.0,504.0,324.0,744.0
21.600000000000172,95.99416667352604,20.000019522925427,4620.214091617639,564.0,504.0,324.0,744.0
21.650000000000173,95.50109690428881,20.00002518369025,5670.526286333406,564.0,504.0,324.0,744.0
21.700000000000173,94.9484546350093,20.00003197909041,6807.992001980456,564.0,504.0,324.0,744.0
21.750000000000174,94.35038328221843,20.000039965518148,8002.417283968027,564.0,504.0,324.0,744.0
21.800000000000175,93.72284252963458,20.00004917165322,9226.117829409579,564.0,504.0,324.0,744.0
21.850000000000176,93.08043026083297,20.00005960488186,10457.814464957908,564.0,504.0,324.0,744.0
21.900000000000176,92.43434093178017,20.00007125858918,11683.509764408156,564.0,504.0,324.0,744.0
21.950000000000177,91.79191818908708,20.000084118155,12895.1951156167,564.0,504.0,324.0,744.0
22.000000000000178,91.15734693946725,20.000098164936034,14088.840111562415,564.0,504.0,324.0,744.0
22.05000000000018,90.53271790966461,20.000113378530294,15262.67672808488,564.0,504.0,324.0,744.0
22.10000000000018,89.91893297569274,20.000129737937918,16416.09689077616,564.0,504.0,324.0,744.0
22.15000000000018,89.31628570856873,20.00014722213019,17549.061242888336,564.0,504.0,324.0,744.0
22.20000000000018,88.72477232251094,20.000165810332888,18661.81376020177,564.0,504.0,324.0,744.0
22.25000000000018,88.14424163974748,20.00018548217485,19754.74712957147,564.0,504.0,324.0,744.0
22.300000000000182,87.57446578270786,20.00020621776915,20828.33538730472,564.0,504.0,324.0,744.0
22.350000000000183,87.01517551182575,20.000227997756863,21883.096596355354,564.0,504.0,324.0,744.0
22.400000000000183,86.46607976973233,20.000250803328225,22919.57024023059,564.0,504.0,324.0,744.0
22.450000000000184,85.92687748490752,20.000274616229344,23938.30278316375,564.0,504.0,324.0,744.0
22.500000000000185,85.39726508048173,20.00029941875945,24939.838219337205,564.0,504.0,324.0,744.0
22.550000000000185,84.87694136109738,20.00032519376192,25924.71184993543,564.0,504.0,324.0,744.0
22.600000000000186,84.36561070565136,20.00035192461126,26893.446219465975,564.0,504.0,324.0,744.0
22.650000000000187,83.86298512884487,20.00037959519748,27846.548527574694,564.0,504.0,324.0,744.0
22.700000000000188,83.36878557162476,20.000408189908946,28784.509063482954,564.0,504.0,324.0,744.0
22.75000000000019,82.88274265884108,20.000437693614348,29707.80035544217,564.0,504.0,324.0,744.0
22.80000000000019,82.40459708584488,20.000468091644365,30616.876822122096,564.0,504.0,324.0,744.0
22.85000000000019,81.93409974591064,20.00049936977332,31512.174775996547,564.0,504.0,324.0,744.0
22.90000000000019,81.47101167708666,20.000531514201104,32394.11267192377,564.0,504.0,324.0,744.0
22.95000000000019,81.01510388435129,20.000564511535526,33263.09152411789,564.0,504.0,324.0,744.0
23.000000000000192,80.56615707716182,20.000598348775195,34119.49543589696,564.0,504.0,324.0,744.0
23.050000000000193,80.1239613513369,20.000633013293008,34963.692201771,564.0,504.0,324.0,744.0
23.100000000000193,79.68831583624107,20.000668492820314,35796.03395240245,564.0,504.0,324.0,744.0
23.150000000000194,79.25902832248353,20.000704775431725,36616.85782100261,564.0,504.0,324.0,744.0
23.200000000000195,78.8359148811387,20.000741849530623,37426.48661561719,564.0,504.0,324.0,744.0
23.250000000000195,78.41879948241584,20.000779703835345,38225.22948613982,564.0,504.0,324.0,744.0
23.300000000000196,78.00751361941929,20.000818327366005,39013.38257812871,564.0,504.0,324.0,744.0
23.350000000000197,77.60189594095638,20.00085770943199,39791.22966793395,564.0,504.0,324.0,744.0
23.400000000000198,77.20179189609013,20.00089783962005,40559.04277545363,564.0,504.0,324.0,744.0
23.4500000000002,76.80705339219813,20.00093870778299,41317.082752182,564.0,504.0,324.0,744.0
23.5000000000002,76.41753846760832,20.000980304028943,42065.59984322576,564.0,504.0,324.0,744.0
23.5500000000002,76.03311097936381,20.00102261871115,42804.834222707905,564.0,504.0,324.0,744.0
23.6000000000002,75.65364030629186,20.001065642418297,43535.01650251748,564.0,504.0,324.0,744.0
23.6500000000002,75.27900106728165,20.001109365965302,44256.36821478261,564.0,504.0,324.0,744.0
23.700000000000202,74.90907285446585,20.001153780384588,44969.102268700044,564.0,504.0,324.0,744.0
23.750000000000203,74.54373998087652,20.001198876917776,45673.42338257141,564.0,504.0,324.0,744.0
23.800000000000203,74.1828912420419,20.00124464700781,46369.52849202092,564.0,504.0,324.0,744.0
23.850000000000204,73.82641969093294,20.00129108229144,47057.60713544756,564.0,504.0,324.0,744.0
23.900000000000205,73.47422242563441,20.001338174592114,47737.84181781087,564.0,504.0,324.0,744.0
23.950000000000205,73.12620038909942,20.001385915913172,48410.40835386607,564.0,504.0,324.0,744.0
24.000000000000206,72.78225818034176,20.00143429843141,49075.47619195472,564.0,504.0,324.0,744.0
24.050000000000207,72.44230387643233,20.001483314490912,49733.208719441354,564.0,504.0,324.0,744.0
24.100000000000207,72.10624886467863,20.001532956597217,50383.76355085102,564.0,504.0,324.0,744.0
24.150000000000208,71.7740076843894,20.001583217411717,51027.29279972769,564.0,504.0,324.0,744.0
24.20000000000021,71.44549787764899,20.001634089746346,51663.943335186355,564.0,504.0,324.0,744.0
24.25000000000021,71.12063984855453,20.001685566558496,52293.85702408824,564.0,504.0,324.0,744.0
24.30000000000021,70.79935673039446,20.00173764094618,52917.17095971784,564.0,504.0,324.0,744.0
24.35000000000021,70.48157426027771,20.001790306143384,53534.017677794836,564.0,504.0,324.0,744.0
24.40000000000021,70.1672206607478,20.001843555515674,54144.52536060313,564.0,504.0,324.0,744.0
24.450000000000212,69.85622652794697,20.001897382555946,54748.81802997564,564.0,504.0,324.0,744.0
24.500000000000213,69.54852472591904,20.001951780880397,55347.01572982503,564.0,504.0,324.0,744.0
24.550000000000214,69.24405028666814,20.002006744224655,55939.234698870605,564.0,504.0,324.0,744.0
24.600000000000215,68.94274031561231,20.002062266440078,56525.587534166065,564.0,504.0,324.0,744.0
24.650000000000215,68.64453390209755,20.002118341490203,57106.18334599802,564.0,504.0,324.0,744.0
24.700000000000216,68.34937203465613,20.002174963447363,57681.12790468343,564.0,504.0,324.0,744.0
24.750000000000217,68.05719752071795,20.002232126489417,58250.52377976291,564.0,504.0,324.0,744.0
24.800000000000217,67.7679549104998,20.002289824896646,58814.4704720515,564.0,504.0,324.0,744.0
24.850000000000218,67.48159042481787,20.00234805304874,59373.06453897863,564.0,504.0,324.0,744.0
24.90000000000022,67.19805188658526,20.002406805421927,59926.399713619714,564.0,504.0,324.0,744.0
24.95000000000022,66.9172886557723,20.002466076586234,60474.56701779538,564.0,504.0,324.0,744.0
25.00000000000022,66.63925156762296,20.002525861202813,61017.65486958903,564.0,504.0,324.0,744.0
25.05000000000022,66.36389287393352,20.002586154021397,61555.74918560926,564.0,504.0,324.0,744.0
25.10000000000022,66.09116618721376,20.002646949877864,62088.93347830273,564.0,504.0,324.0,744.0
25.150000000000222,65.82102642756297,20.002708243691874,62617.28894860374,564.0,504.0,324.0,744.0
25.200000000000223,65.55342977210213,20.002770030464603,63140.894574183694,564.0,504.0,324.0,744.0
25.250000000000224,65.2883336068187,20.002832305276563,63659.82719355351,564.0,504.0,324.0,744.0
25.300000000000225,65.02569648068359,20.00289506328551,64174.16158624687,564.0,504.0,324.0,744.0
25.350000000000225,64.76547806191587,20.002958299724416,64683.97054930517,564.0,504.0,324.0,744.0
25.400000000000226,64.50763909627321,20.003022009899524,65189.32497026551,564.0,504.0,324.0,744.0
25.450000000000227,64.25214136725774,20.003086189188473,65690.29389684268,564.0,504.0,324.0,744.0
25.500000000000227,63.99894765813171,20.003150833038482,66186.94460348274,564.0,504.0,324.0,744.0
25.550000000000228,63.74802171564637,20.00321593696462,66679.34265495634,564.0,504.0,324.0,744.0
25.60000000000023,63.49932821539058,20.003281496548105,67167.55196714643,564.0,504.0,324.0,744.0
25.65000000000023,63.25283272867482,20.003347507434697,67651.6348651786,564.0,504.0,324.0,744.0
25.70000000000023,63.0085016908691,20.003413965333117,68131.65213903136,564.0,504.0,324.0,744.0
25.75000000000023,62.76630237111897,20.003480866013547,68607.66309675493,564.0,504.0,324.0,744.0
25.80000000000023,62.526202843369354,20.003548205306156,69079.72561542125,564.0,504.0,324.0,744.0
25.850000000000232,62.28817195862899,20.003615979099692,69547.89618991881,564.0,504.0,324.0,744.0
25.900000000000233,62.05217931841243,20.003684183340123,70012.22997969956,564.0,504.0,324.0,744.0
25.950000000000234,61.81819524930128,20.00375281402931,70472.78085357977,564.0,504.0,324.0,744.0
26.000000000000234,61.58619077856877,20.003821867223728,70929.60143268933,564.0,504.0,324.0,744.0
26.050000000000235,61.356137610815225,20.00389133903325,71382.7431316604,564.0,504.0,324.0,744.0
26.100000000000236,61.12800810556543,20.003961225619932,71832.25619813855,564.0,504.0,324.0,744.0
26.150000000000237,60.901775255781175,20.004031523196872,72278.18975069805,564.0,504.0,324.0,744.0
26.200000000000237,60.67741266724547,20.00410222802709,72720.59181523565,564.0,504.0,324.0,744.0
26.250000000000238,60.4548945387763,20.004173336422436,73159.50935991405,564.0,504.0,324.0,744.0
26.30000000000024,60.2341956432321,20.004244844742555,73594.98832872373,564.0,504.0,324.0,744.0
26.35000000000024,60.01529130927022,20.00431674939386,74027.07367372492,564.0,504.0,324.0,744.0
26.40000000000024,59.79815740382549,20.004389046828546,74455.80938603208,564.0,504.0,324.0,744.0
26.45000000000024,59.58277031527405,20.004461733543657,74881.23852559674,564.0,504.0,324.0,744.0
26.50000000000024,59.36910693725186,20.004534806080134,75303.40324984251,564.0,504.0,324.0,744.0
26.550000000000242,59.15714465309892,20.004608261021936,75722.34484120511,564.0,504.0,324.0,744.0
26.600000000000243,58.946861320899735,20.004682094995157,76138.10373362456,564.0,504.0,324.0,744.0
26.650000000000244,58.73823525909426,20.004756304667197,76550.71953803596,564.0,504.0,324.0,744.0
26.700000000000244,58.53124523263437,20.00483088674593,76960.23106690358,564.0,504.0,324.0,744.0
26.750000000000245,58.32587043966079,20.004905837978914,77366.67635783866,564.0,504.0,324.0,744.0
26.800000000000246,58.12209049867873,20.00498115515262,77770.09269634109,564.0,504.0,324.0,744.0
26.850000000000247,57.91988543621019,20.005056835091683,78170.51663770262,564.0,504.0,324.0,744.0
26.900000000000247,57.71923567490225,20.005132874658166,78567.98402810704,564.0,504.0,324.0,744.0
26.950000000000248,57.52012202207212,20.00520927075086,78962.53002496116,564.0,504.0,324.0,744.0
27.00000000000025,57.3225256586703,20.005286020304602,79354.18911648977,564.0,504.0,324.0,744.0
27.05000000000025,57.126428128643816,20.00536312028959,79742.99514062426,564.0,504.0,324.0,744.0
27.10000000000025,56.9318113286834,20.00544056771075,80128.98130321545,564.0,504.0,324.0,744.0
27.15000000000025,56.73865749833762,20.00551835960709,80512.1801955972,564.0,504.0,324.0,744.0
27.20000000000025,56.54694921047989,20.005596493051097,80892.62381152887,564.0,504.0,324.0,744.0
27.250000000000252,56.35666936211269,20.005674965148135,81270.34356354148,564.0,504.0,324.0,744.0
27.300000000000253,56.16780116549565,20.00575377303586,81645.37029871078,564.0,504.0,324.0,744.0
27.350000000000254,55.98032813958455,20.005832913883655,82017.73431388257,564.0,504.0,324.0,744.0
27.400000000000254,55.794234101767934,20.005912384892085,82387.46537037051,564.0,504.0,324.0,744.0
27.450000000000255,55.609503159889776,20.005992183292346,82754.59270814796,564.0,504.0,324.0,744.0
27.500000000000256,55.426119704546736,20.00607230634576,83119.1450595547,564.0,504.0,324.0,744.0
27.550000000000257,55.244068401648484,20.00615275134325,83481.15066253631,564.0,504.0,324.0,744.0
27.600000000000257,55.06333418523189,20.00623351560485,83840.63727343727,564.0,504.0,324.0,744.0
27.650000000000258,54.883902250516634,20.00631459647923,84197.63217936095,564.0,504.0,324.0,744.0
27.70000000000026,54.70575804719627,20.006395991343197,84552.16221011906,564.0,504.0,324.0,744.0
27.75000000000026,54.528887272951415,20.006477697601277,84904.25374978058,564.0,504.0,324.0,744.0
27.80000000000026,54.35327586718037,20.006559712685224,85253.93274784103,564.0,504.0,324.0,744.0
27.85000000000026,54.17891000493544,20.006642034053613,85601.22473002254,564.0,504.0,324.0,744.0
27.90000000000026,54.00577609105914,20.006724659191395,85946.15480872123,564.0,504.0,324.0,744.0
27.950000000000262,53.83386075451187,20.006807585609494,86288.747693115,564.0,504.0,324.0,744.0
28.000000000000263,53.66315084288333,20.00689081084439,86629.0276989437,564.0,504.0,324.0,744.0
28.050000000000264,53.49363341708167,20.006974332457727,86967.01875797527,564.0,504.0,324.0,744.0
28.100000000000264,53.32529574619241,20.007058148035924,87302.74442716852,564.0,504.0,324.0,744.0
28.150000000000265,53.158125302502164,20.0071422551898,87636.22789754567,564.0,504.0,324.0,744.0
28.200000000000266,52.9921097566792,20.00722665155421,87967.49200278278,564.0,504.0,324.0,744.0
28.250000000000266,52.82723697310691,20.00731133478766,88296.55922753151,564.0,504.0,324.0,744.0
28.300000000000267,52.663495005362925,20.00739630257198,88623.45171548011,564.0,504.0,324.0,744.0
28.350000000000268,52.500872091839256,20.00748155261197,88948.19127716412,564.0,504.0,324.0,744.0
28.40000000000027,52.33935665149817,20.007567082635063,89270.79939753575,564.0,504.0,324.0,744.0
28.45000000000027,52.17893727975854,20.00765289039099,89591.29724330068,564.0,504.0,324.0,744.0
28.50000000000027,52.01960274450837,20.007738973651463,89909.70567003124,564.0,504.0,324.0,744.0
28.55000000000027,51.86134198223828,20.007825330209865,90226.04522906343,564.0,504.0,324.0,744.0
28.60000000000027,51.70414409429204,20.007911957880935,90540.33617418558,564.0,504.0,324.0,744.0
28.650000000000272,51.547998343230006,20.007998854500464,90852.59846812749,564.0,504.0,324.0,744.0
28.700000000000273,51.392894149300524,20.008086017925002,91162.85178885444,564.0,504.0,324.0,744.0
28.750000000000274,51.23882108701711,20.008173446031577,91471.11553567673,564.0,504.0,324.0,744.0
28.800000000000274,51.08576888183544,20.008261136717397,91777.40883517762,564.0,504.0,324.0,744.0
28.850000000000275,50.93372740692861,20.008349087899585,92081.7505469685,564.0,504.0,324.0,744.0
28.900000000000276,50.782686680056216,20.008437297514906,92384.15926927699,564.0,504.0,324.0,744.0
28.950000000000276,50.63263686052364,20.008525763519494,92684.65334437258,564.0,504.0,324.0,744.0
29.000000000000277,50.48356824622962,20.008614483888596,92983.25086383756,564.0,504.0,324.0,744.0
29.050000000000278,50.33547127079726,20.008703456616328,93279.96967368599,564.0,504.0,324.0,744.0
29.10000000000028,50.18833650078769,20.0087926797154,93574.82737933917,564.0,504.0,324.0,744.0
29.15000000000028,50.042154632991306,20.00888215121689,93867.84135045932,564.0,504.0,324.0,744.0
29.20000000000028,49.896916491795906,20.008971869170008,94159.02872564884,564.0,504.0,324.0,744.0
